<?xml version="1.0" encoding="UTF-8"?>
<configuration>

    <property name="server_name" value="iot" />
    <property name="log_dir" value="logs" />
    <property name="maxFileSize" value="50MB" />
    <property name="maxHistory" value="180" />

    <!-- 控制台输出 -->
    <appender name="STDOUT" class="ch.qos.logback.core.ConsoleAppender">
        <encoder class="ch.qos.logback.classic.encoder.PatternLayoutEncoder">
            <!--格式化输出：%d表示日期，%thread表示线程名，%-5level：级别从左显示5个字符宽度%msg：日志消息，%n是换行符-->
            <pattern>%date{yyyy-MM-dd HH:mm:ss} | %highlight(%-5level) | %boldYellow(%thread) | %boldGreen(%logger) | %msg%n</pattern>
        </encoder>
    </appender>

    <!-- info日志 appender  -->
    <appender name="INFO" class="ch.qos.logback.core.rolling.RollingFileAppender">
        <rollingPolicy class="ch.qos.logback.core.rolling.TimeBasedRollingPolicy">
            <!-- 按天回滚 daily -->
            <fileNamePattern>${log_dir}/${server_name}-info-%d{yyyy-MM-dd}-%i.log</fileNamePattern>
            <!-- 日志最大的历史 180天 -->
            <maxHistory>${maxHistory}</maxHistory>
            <timeBasedFileNamingAndTriggeringPolicy class="ch.qos.logback.core.rolling.SizeAndTimeBasedFNATP">
                <!-- maxFileSize:这是活动文件的大小，默认值是10MB，这里设置为50MB -->
                <maxFileSize>${maxFileSize}</maxFileSize>
            </timeBasedFileNamingAndTriggeringPolicy>
        </rollingPolicy>
        <encoder class="ch.qos.logback.classic.encoder.PatternLayoutEncoder">
            <!--格式化输出：%d表示日期，%thread表示线程名，%-5level：级别从左显示5个字符宽度%msg：日志消息，%n是换行符-->
            <pattern>%date{yyyy-MM-dd HH:mm:ss} | %highlight(%-5level) | %boldYellow(%thread) | %boldGreen(%logger) | %msg%n</pattern>
        </encoder>
        <filter class="ch.qos.logback.classic.filter.LevelFilter">
            <!-- 只打印info日志 -->
            <level>INFO</level>
            <onMatch>ACCEPT</onMatch>
            <onMismatch>DENY</onMismatch>
        </filter>
    </appender>

    <!-- 出错日志 appender  -->
    <appender name="ERROR" class="ch.qos.logback.core.rolling.RollingFileAppender">
        <rollingPolicy class="ch.qos.logback.core.rolling.TimeBasedRollingPolicy">
            <!-- 按天回滚 daily -->
            <fileNamePattern>${log_dir}/${server_name}-error-%d{yyyy-MM-dd}-%i.log</fileNamePattern>
            <!-- 日志最大的历史 180天 -->
            <maxHistory>${maxHistory}</maxHistory>
            <timeBasedFileNamingAndTriggeringPolicy class="ch.qos.logback.core.rolling.SizeAndTimeBasedFNATP">
                <!-- maxFileSize:这是活动文件的大小，默认值是10MB，这里设置为50MB -->
                <maxFileSize>${maxFileSize}</maxFileSize>
            </timeBasedFileNamingAndTriggeringPolicy>
        </rollingPolicy>
        <encoder class="ch.qos.logback.classic.encoder.PatternLayoutEncoder">
            <!--格式化输出：%d表示日期，%thread表示线程名，%-5level：级别从左显示5个字符宽度%msg：日志消息，%n是换行符-->
            <pattern>%date{yyyy-MM-dd HH:mm:ss} | %highlight(%-5level) | %boldYellow(%thread) | %boldGreen(%logger) | %msg%n</pattern>
        </encoder>
        <filter class="ch.qos.logback.classic.filter.LevelFilter">
            <!-- 只打印错误日志 -->
            <level>ERROR</level>
            <onMatch>ACCEPT</onMatch>
            <onMismatch>DENY</onMismatch>
        </filter>
    </appender>

    <!--mybatis sql日志 日志的级别需要是DEBUG-->
    <!--日志打印的包的范围，及分类日志文件存储 -->
    <logger name="com.ahh.cloud" level="DEBUG" additivity="true"></logger>

    <!--控制台和日志文件输出级别-->
    <root level="INFO" additivity = "false">
        <appender-ref ref="STDOUT" />
        <appender-ref ref="INFO" />
        <appender-ref ref="ERROR" />
    </root>

</configuration>
